{
  "alpha_seed": 138.23007675795088,
  "f_gap": 1.1973774400000583,
  "delta_kappa": -0.0032998005415146936,
  "alpha_inv": 137.03599911849233,
  "tolerance": 1e-09
}